Title,Date
What Is Data Scraping And How Can You Use It? - Target ...,"Sep 13, 2017"
What is data scraping? - YouTube,"Oct 30, 2020 · Uploaded by The Hindu"
What Is Web Scraping And How Does It Work? | Zyte.com,"Nov 17, 2020 · Uploaded by Zyte"
What is DATA SCRAPING? What does DATA ... - YouTube,"Sep 21, 2017 · Uploaded by The Audiopedia"
Web Scraping Techniques: How to Scrape Data from the Internet,"Mar 16, 2020 · Uploaded by ParseHub"
7 Best Web Scraping Tools To Extract Data - Better ...,"Apr 26, 2021 · Uploaded by Rakia Ben Sassi"
What is Web Scraping and What is it Used For? | ParseHub,"Aug 1, 2021 · Uploaded by ParseHub"
Web Scraping vs Data Mining: What's the Difference?,"Mar 2, 2020 · Uploaded by ParseHub"
Watch | What is data scraping? - The Hindu,"Oct 21, 2020"
Data Scraping Crawler | Phantombuster,"Jun 18, 2020 · Uploaded by PhantomBuster"
8 Best Web Scraping Tools - Learn - Hevo Data,"Feb 6, 2021 · Uploaded by Hevo Data"
Is Web Scraping Easy? How to Scrape Data without Coding ...,"Feb 10, 2020 · Uploaded by ParseHub"
Data Scraping for SEO & Analytics - Tutorial - Optimize Smart,"Oct 7, 2011 · Uploaded by Garrett French CL"
Web Scraping Examples: How are Businesses Using Web ...,"Oct 28, 2019 · Uploaded by ParseHub"
Web Scraping vs API: What's the Difference? | ParseHub,"Mar 9, 2020 · Uploaded by ParseHub"
How to Scrape Modern Websites for Data - YouTube,"Mar 10, 2017 · Uploaded by Fullstack Academy"
Best Data Scraping Tools for 2021 (Top 10 Reviews),"May 6, 2019 · Uploaded by Octoparse"
The Best Web Scraping Tools for 2021 - ScrapingBee,"Feb 12, 2021 · Uploaded by Web Scraper"
Web Data Extraction Automation - UiPath,"Jan 19, 2021 · Uploaded by UiPath"
Web Scraping Software - UiPath,"Jan 31, 2015 · Uploaded by UiPath"
Tidy web scraping in R — Tutorial and resources - Towards ...,"Aug 16, 2019 · Uploaded by Yrrah0015"
The AZ of Web Scraping in 2020 [A How-To Guide] - DZone,"Sep 1, 2020 · Uploaded by Dmitry Narizhnykh"
UiPath Data Scraping (Web Page to Excel) - Tutorial - YouTube,"Jan 21, 2020 · Uploaded by Anders Jensen"
Intro to Web Scraping with Python and Beautiful Soup - YouTube,"Jan 7, 2017 · Uploaded by Data Science Dojo"
Web Scraping Techniques: How to Scrape Data from the Internet,"Mar 25, 2021 · Uploaded by ParseHub"
Tutorial - How to Scrape Data from Websites with Data Miner,"Dec 4, 2019 · Uploaded by Derek Caelin"
What is Web Scraping and What is it Used For?,"Sep 27, 2019 · Uploaded by ParseHub"
How to Maintain Data Quality While Web Scraping | Octoparse,"Jan 20, 2021 · Uploaded by Octoparse"
Screen Scraping software for desktop and web - UiPath,"Apr 15, 2014 · Uploaded by UiPath"
Data Scraping from Websites to Excel - YouTube,"Aug 20, 2021 · Uploaded by Azharul Rafy"
"Linkedin Data From 500 Million Users Scraped, for Sale Online","Apr 8, 2021"
How To Scrape Data From A Website Into Excel - YouTube,"Jan 5, 2018 · Uploaded by Freelancer Amin"
Implementing Web Scraping in Python with BeautifulSoup,"May 15, 2021 · Uploaded by GeeksforGeeks"
What is web scraping? Here's what you need to know about,"Jan 14, 2021"
UiPath - How to Do Data Scraping from a Web Page and Save ...,"Jan 14, 2021 · Uploaded by ExpoHub"
Instant Data Scraper - Microsoft Edge Addons,"Dec 11, 2019 · Uploaded by Web Robots"
Creating a horse racing Tableau dashboard from data scraping,"Apr 13, 2018 · Uploaded by Craig S Dewar"
Web scraping for Beginners | Introduction guide - ParseHub,"Nov 17, 2020 · Uploaded by ParseHub"
U.S. Supreme Court sends LinkedIn data-scraping suit back to ...,"Jun 14, 2021"
Automate Web Data Extraction and Scraping - HelpSystems,"Mar 20, 2017"
Web Scraper for Mac: How to Scrape Data from Any Website ...,"May 4, 2020 · Uploaded by ParseHub"
WHAT IS DATA SCRAPING AND HOW CAN YOU USE IT?,"Nov 21, 2017 · Uploaded by Lucy Provost"
Data Scraping using Google Chrome Web Scraper - YouTube,"Aug 27, 2020 · Uploaded by Jaime Lancaster"
Learn How To Scrape Data Using Python | Great Learning,"Jul 8, 2020 · Uploaded by Great Learning"
Web Scraping vs Web Crawling: The Differences - Oxylabs,"May 4, 2021 · Uploaded by Oxylabs"
How much does Web Scraping cost? | ParseHub,"Apr 6, 2020 · Uploaded by ParseHub"
Instant Data Scraper Chorme Extension | Learn Web Scraping,"Aug 16, 2021 · Uploaded by Azharul Rafy"
Data scraping – the attraction and the legal and ethical risks,"Oct 12, 2021"
Data Scraping Crawler tutorial | Phantombuster,"Jun 18, 2020 · Uploaded by PhantomBuster"
Web Scraping for Data Science — Is it legal? | by Frank Andrade,"Dec 20, 2020 · Uploaded by Frank Andrade"
NoCoding Data Scraper - Easy Web Scraping - Microsoft ...,5 days ago · Uploaded by NoCoding Web Data Scraper -visualized web scraping
5 Top Tips for Data Scraping Using Selenium in Python,"Aug 9, 2020 · Uploaded by Stephen Fordham"
Web Scraping Tool to Extract Data from Websites - Agenty,"Oct 30, 2019 · Uploaded by Agenty"
Web Scraping For Physician Review - OptiSol Business ...,"May 7, 2021 · Uploaded by Optisol Data Labs"
What can Web Scraping be Used For? | ParseHub,"Feb 17, 2020 · Uploaded by ParseHub"
Practical Introduction to Web Scraping in R | R-bloggers,"Apr 10, 2019 · Uploaded by Rsquared Academy"
Data Scraping to Excel - UiPath Basics #10 - YouTube,"Jul 13, 2020 · Uploaded by Anders Jensen"
3 Most Practical Uses of eCommerce Data Scraping Tools,"Jun 2, 2020 · Uploaded by Octoparse"
Web Scraping vs Web Crawling: What's the Difference?,"Feb 3, 2020 · Uploaded by ParseHub"
Real Estate Web Scraping: Changing This Industry - Blog,"Nov 7, 2019 · Uploaded by Oxylabs"
LinkedIn scraping of 700M records was 'for fun' says hacker,"Jul 19, 2021 · Uploaded by 9to5Mac"
What is WEB SCRAPING? What does WEB ... - YouTube,"Jan 19, 2017 · Uploaded by The Audiopedia"
UiPath - How to Data Scrape from a web page and save to Excel,"Apr 4, 2020 · Uploaded by Anders Jensen"
How does web scraping work? | ParseHub,"Feb 24, 2020 · Uploaded by ParseHub"
A leaked Facebook PR memo shows how the company plans,"Apr 20, 2021"
Google Maps Data Scraping by Free Instant Data Scraper ...,"Aug 25, 2021 · Uploaded by Azharul Rafy"
10 Popular Cloud-based Web Scraping Solutions - Geekflare,"Sep 29, 2019 · Uploaded by ParseHub"
How to Scrape Search Results from a List of Keywords,"Oct 26, 2020 · Uploaded by ParseHub"
Data Scraping with Python 3 - MIT Sloan Sports Analytics ...,"Mar 2, 2019 · Uploaded by 42 Analytics"
How to Scrape a Website that Requires Login | ParseHub,"Jan 20, 2020 · Uploaded by ParseHub"
Top Web Scraping Services For Your Ecommerce Store,"Feb 13, 2017 · Uploaded by Diogo Munaro"
"How to Scrape Amazon Product Data: Names, Pricing, ASIN, etc.","Nov 9, 2020 · Uploaded by ParseHub"
Web Scraping - Research-IT,"Jul 8, 2010 · Uploaded by MozendaSupport"
️ Is Data Scraping Legal?,"Mar 17, 2020 · Uploaded by Stevesie Data"
Safely Collect Data from Your Instagram Web Traffic Instead,"Nov 24, 2020 · Uploaded by Stevesie Data"
"Scraping Live Traffic Data in 3 Lines of Code, Step-by-Step","Apr 18, 2020 · Uploaded by GitHub"
Python Web Scraping Tutorial: Step-By-Step [2021 Guide] - Blog,"Aug 9, 2021 · Uploaded by Oxylabs"
Facebook explains how it blocks 'billions' of attempts to scrape ...,"May 20, 2021 · Uploaded by HT Tech"
Web scraping data with Azure Data Factory - SQLShack,"Aug 3, 2021 · Uploaded by ApexSQL by Quest"
How to Find Products to Sell Online Using Web Scraping,"Mar 11, 2021 · Uploaded by Octoparse"
Scraping web using Python? Using NoCoding Data Scraper ...,"Aug 27, 2020 · Uploaded by NoCoding Web Data Scraper -visualized web scraping"
"Web Scraping with Beautiful Soup, Selenium, or Scrapy?","Dec 16, 2020 · Uploaded by Frank Andrade"
How to do Web Scraping with UiPath - Use Case - YouTube,"Sep 15, 2020 · Uploaded by Anders Jensen"
Automate Web Data Extraction - UiPath Tutorial 27 - YouTube,"Sep 4, 2020 · Uploaded by Quality Assurance Lab"
Web Scraping Services and Data ... - Outsource Bigdata,"Mar 1, 2021"
How to Scrape Data from a Website on to an Excel Spreadsheet,"Aug 2, 2021 · Uploaded by ParseHub"
Top 5 Web Scraping Tools to Use in Sourcing - WizardSourcer,"Nov 6, 2018 · Uploaded by Dean Da Costa"
Millions of LinkedIn users exposed in yet another massive ...,"Jul 12, 2021"
Facebook Looking to Downplay Data Scraping Leaks - Tech ...,"Apr 20, 2021 · Uploaded by WION"
Can you Make Money from Web Scraping? - ParseHub,"Mar 30, 2020 · Uploaded by ParseHub"
4 Web Scraping Projects That Will Help Automate Your Life,"Jun 26, 2021 · Uploaded by Frank Andrade"
Introduction to Scraping in Python | DataDrivenInvestor,"Nov 1, 2020 · Uploaded by Ahmed Besbes"
Web Scraping Tool | Free Browser Extensions | Grepsr,"Jun 9, 2016"
Web Scraping with Power BI & Python - 3Cloud LLC.,"Apr 21, 2020 · Uploaded by 3Cloud"
How to Scrape Data from any Ecommerce Website | ParseHub,"Jun 3, 2020 · Uploaded by ParseHub"
How to Scrape Websites Without Being Blocked in 5 Mins?,"Aug 9, 2021 · Uploaded by Octoparse"
Node-red and Data Scraping - YouTube,"May 27, 2019 · Uploaded by 40th coder o"
The Essential Guide to Scraping At Scale with Diffbot,"Dec 29, 2020 · Uploaded by Diffbot"
Data Scraping In UiPath Rpa Example - YouTube,"May 30, 2019 · Uploaded by KB Tutorials"
Web Scraper Pagination: How to Scrape Multiple Pages on a ...,"Dec 23, 2019 · Uploaded by ParseHub"
